time_s,frame_idx,exercise,conf,phase,knee_avg,elbow_avg,rep_count,score,warnings
0.099,0,pushup,0.369,Top,178.28,160.56,0,1.0,
0.116,1,pushup,0.367,Top,178.4,160.52,0,1.0,
0.131,2,pushup,0.366,Top,178.59,160.39,0,1.0,
0.149,3,pushup,0.364,Top,178.77,160.26,0,1.0,
0.163,4,pushup,0.362,Top,178.9,160.15,0,1.0,
0.176,5,pushup,0.361,Top,178.97,160.05,0,1.0,
0.189,6,pushup,0.359,Top,179.0,160.02,0,1.0,
0.203,7,pushup,0.358,Top,179.01,160.05,0,1.0,
0.217,8,pushup,0.357,Top,179.01,160.03,0,1.0,
0.231,9,pushup,0.356,Top,179.01,160.05,0,1.0,
0.245,10,pushup,0.356,Top,178.99,159.97,0,1.0,
0.259,11,pushup,0.356,Top,178.98,159.89,0,1.0,
0.273,12,pushup,0.354,Top,179.03,159.85,0,1.0,
0.287,13,pushup,0.352,Top,179.04,159.84,0,1.0,
0.301,14,pushup,0.351,Top,178.96,159.89,0,1.0,
0.315,15,pushup,0.347,Top,178.76,159.98,0,1.0,
0.329,16,pushup,0.338,Top,178.45,160.08,0,1.0,
0.343,17,pushup,0.326,Top,178.14,160.18,0,1.0,
0.356,18,pushup,0.313,Top,177.87,160.36,0,1.0,
0.37,19,pushup,0.3,Top,177.61,160.45,0,1.0,
0.383,20,squat,0.3,Top,177.39,160.52,0,1.0,
0.398,21,squat,0.307,Top,177.13,160.85,0,1.0,
0.412,22,squat,0.312,Top,176.89,161.44,0,1.0,
0.426,23,squat,0.317,Top,176.43,162.39,0,1.0,
0.44,24,squat,0.318,Top,175.62,163.63,0,1.0,
0.454,25,squat,0.32,Top,174.41,164.87,0,1.0,
0.471,26,squat,0.31,Top,172.74,165.58,0,1.0,
0.485,27,squat,0.309,Top,170.61,165.33,0,1.0,
0.499,28,squat,0.304,Top,168.78,164.85,0,1.0,
0.513,29,squat,0.294,Top,167.22,164.43,0,1.0,
0.526,30,squat,0.272,Top,165.7,163.82,0,1.0,
0.54,31,squat,0.264,Top,163.95,163.04,0,1.0,
0.554,32,squat,0.27,Top,161.96,162.81,0,1.0,
0.568,33,squat,0.269,Top,160.16,162.65,0,1.0,
0.582,34,squat,0.27,Top,158.3,162.6,0,1.0,
0.596,35,squat,0.272,Top,156.33,162.83,0,1.0,
0.61,36,squat,0.28,Top,154.11,162.94,0,1.0,
0.623,37,squat,0.286,Top,152.32,163.03,0,1.0,
0.637,38,squat,0.297,Top,150.53,162.84,0,0.7,Body line not straight
0.651,39,squat,0.318,Top,148.61,162.67,0,0.7,Body line not straight
0.666,40,squat,0.341,Top,146.79,162.59,0,0.7,Body line not straight
0.68,41,squat,0.357,Top,144.91,162.78,0,0.7,Body line not straight
0.694,42,squat,0.375,Top,142.95,162.84,0,0.7,Body line not straight
0.708,43,squat,0.385,Top,141.39,162.8,0,0.7,Body line not straight
0.722,44,squat,0.397,Top,139.69,162.71,0,0.7,Body line not straight
0.737,45,squat,0.416,Top,137.78,162.37,0,0.7,Body line not straight
0.75,46,squat,0.434,Descending,135.64,161.53,0,0.7,Body line not straight
0.764,47,squat,0.453,Descending,133.43,160.84,0,0.7,Body line not straight
0.778,48,squat,0.469,Descending,131.63,160.88,0,0.7,Body line not straight
0.792,49,squat,0.477,Descending,129.69,160.86,0,0.7,Body line not straight
0.806,50,squat,0.483,Descending,127.64,160.7,0,0.7,Body line not straight
0.82,51,squat,0.49,Descending,125.54,160.6,0,0.7,Body line not straight
0.834,52,squat,0.496,Descending,123.96,160.8,0,0.7,Body line not straight
0.848,53,squat,0.5,Descending,122.44,160.81,0,0.7,Body line not straight
0.862,54,squat,0.503,Descending,120.81,160.67,0,0.7,Body line not straight
0.875,55,squat,0.508,Descending,118.95,160.38,0,0.7,Body line not straight
0.888,56,squat,0.529,Descending,116.73,160.51,0,0.7,Body line not straight
0.902,57,squat,0.545,Descending,114.33,160.24,0,0.7,Body line not straight
0.916,58,squat,0.559,Descending,112.11,160.49,0,0.7,Body line not straight
0.931,59,squat,0.575,Descending,109.69,160.51,0,0.7,Body line not straight
0.944,60,squat,0.589,Descending,107.12,160.73,0,0.7,Body line not straight
0.958,61,squat,0.616,Descending,104.5,160.68,0,0.7,Body line not straight
0.972,62,squat,0.636,Descending,101.79,160.7,0,0.7,Body line not straight
0.986,63,squat,0.653,Descending,99.59,161.1,0,0.7,Body line not straight
1.0,64,squat,0.66,Descending,97.23,161.58,0,0.7,Body line not straight
1.014,65,squat,0.676,Descending,94.81,162.05,0,1.0,
1.028,66,squat,0.686,Descending,92.2,162.41,0,1.0,
1.041,67,squat,0.696,Bottom,90.09,162.42,0,1.0,
1.056,68,squat,0.699,Bottom,87.96,162.18,0,1.0,
1.069,69,squat,0.686,Bottom,85.79,161.9,0,1.0,
1.083,70,squat,0.678,Bottom,83.77,161.71,0,1.0,
1.097,71,squat,0.676,Bottom,81.67,161.66,0,1.0,
1.111,72,squat,0.679,Bottom,80.11,161.65,0,1.0,
1.124,73,squat,0.676,Bottom,79.36,161.82,0,1.0,
1.138,74,squat,0.673,Bottom,78.64,161.86,0,1.0,
1.152,75,squat,0.674,Bottom,77.71,161.82,0,1.0,
1.165,76,squat,0.676,Bottom,76.84,161.83,0,1.0,
1.179,77,squat,0.684,Bottom,76.07,161.73,0,1.0,
1.193,78,squat,0.691,Bottom,75.47,161.9,0,1.0,
1.207,79,squat,0.7,Bottom,75.11,161.76,0,1.0,
1.219,80,squat,0.706,Bottom,74.98,161.77,0,1.0,
1.232,81,squat,0.71,Bottom,74.92,161.83,0,1.0,
1.246,82,squat,0.713,Bottom,74.9,161.83,0,1.0,
1.26,83,squat,0.707,Bottom,75.23,161.57,0,1.0,
1.275,84,squat,0.698,Bottom,75.83,161.62,0,1.0,
1.29,85,squat,0.691,Bottom,76.52,161.68,0,1.0,
1.304,86,squat,0.682,Bottom,77.22,161.45,0,1.0,
1.318,87,squat,0.673,Bottom,77.93,161.17,0,1.0,
1.332,88,squat,0.666,Bottom,78.48,160.89,0,1.0,
1.345,89,squat,0.662,Bottom,78.94,160.67,0,1.0,
1.358,90,squat,0.66,Bottom,79.28,160.55,0,1.0,
1.372,91,squat,0.66,Bottom,79.54,160.5,0,1.0,
1.386,92,squat,0.661,Bottom,79.73,160.43,0,1.0,
1.399,93,squat,0.662,Bottom,79.88,160.34,0,1.0,
1.413,94,squat,0.663,Bottom,80.01,160.34,0,1.0,
1.427,95,squat,0.663,Bottom,80.1,160.46,0,1.0,
1.441,96,squat,0.663,Bottom,80.18,160.64,0,1.0,
1.455,97,squat,0.663,Bottom,80.23,160.82,0,1.0,
1.468,98,squat,0.661,Bottom,80.27,161.02,0,1.0,
1.482,99,squat,0.661,Bottom,80.26,161.22,0,1.0,
1.496,100,squat,0.665,Bottom,80.08,161.4,0,1.0,
1.51,101,squat,0.668,Bottom,79.85,161.52,0,1.0,
1.524,102,squat,0.67,Bottom,79.64,161.6,0,1.0,
1.538,103,squat,0.67,Bottom,79.47,161.66,0,1.0,
1.552,104,squat,0.67,Bottom,79.31,161.7,0,1.0,
1.565,105,squat,0.67,Bottom,79.18,161.75,0,1.0,
1.579,106,squat,0.669,Bottom,79.05,161.79,0,1.0,
1.593,107,squat,0.668,Bottom,78.92,161.81,0,1.0,
1.607,108,squat,0.667,Bottom,78.79,161.81,0,1.0,
1.621,109,squat,0.667,Bottom,78.7,161.82,0,1.0,
1.634,110,squat,0.667,Bottom,78.61,161.82,0,1.0,
1.648,111,squat,0.668,Bottom,78.48,161.83,0,1.0,
1.662,112,squat,0.669,Bottom,78.36,161.85,0,1.0,
1.675,113,squat,0.67,Bottom,78.22,161.91,0,1.0,
1.688,114,squat,0.671,Bottom,78.11,161.99,0,1.0,
1.703,115,squat,0.673,Bottom,77.99,162.09,0,1.0,
1.716,116,squat,0.676,Bottom,77.87,162.21,0,1.0,
1.73,117,squat,0.678,Bottom,77.76,162.33,0,1.0,
1.744,118,squat,0.68,Bottom,77.67,162.45,0,1.0,
1.758,119,squat,0.682,Bottom,77.58,162.58,0,1.0,
1.772,120,squat,0.684,Bottom,77.47,162.74,0,1.0,
1.786,121,squat,0.686,Bottom,77.35,162.93,0,1.0,
1.8,122,squat,0.687,Bottom,77.17,163.12,0,1.0,
1.814,123,squat,0.686,Bottom,76.97,163.3,0,1.0,
1.828,124,squat,0.686,Bottom,76.79,163.45,0,1.0,
1.842,125,squat,0.685,Bottom,76.63,163.55,0,1.0,
1.856,126,squat,0.686,Bottom,76.49,163.61,0,1.0,
1.87,127,squat,0.687,Bottom,76.36,163.63,0,1.0,
1.884,128,squat,0.687,Bottom,76.26,163.58,0,1.0,
1.898,129,squat,0.688,Bottom,76.18,163.47,0,1.0,
1.911,130,squat,0.689,Bottom,76.11,163.33,0,1.0,
1.925,131,squat,0.691,Bottom,76.03,163.12,0,1.0,
1.939,132,squat,0.694,Bottom,75.93,162.87,0,1.0,
1.952,133,squat,0.697,Bottom,75.82,162.64,0,1.0,
1.965,134,squat,0.7,Bottom,75.72,162.36,0,1.0,
1.979,135,squat,0.701,Bottom,75.63,162.01,0,1.0,
1.993,136,squat,0.702,Bottom,75.57,161.6,0,1.0,
2.007,137,squat,0.703,Bottom,75.55,161.12,0,1.0,
2.021,138,squat,0.704,Bottom,75.53,160.65,0,1.0,
2.035,139,squat,0.704,Bottom,75.55,160.31,0,1.0,
2.054,140,squat,0.704,Bottom,75.59,159.99,0,1.0,
2.073,141,squat,0.705,Bottom,75.62,159.75,0,1.0,
2.086,142,squat,0.706,Bottom,75.65,159.55,0,1.0,
2.1,143,squat,0.707,Bottom,75.68,159.46,0,1.0,
2.114,144,squat,0.708,Bottom,75.68,159.39,0,1.0,
2.128,145,squat,0.709,Bottom,75.68,159.4,0,1.0,
2.142,146,squat,0.709,Bottom,75.67,159.49,0,1.0,
2.156,147,squat,0.71,Bottom,75.65,159.63,0,1.0,
2.17,148,squat,0.71,Bottom,75.6,159.74,0,1.0,
2.184,149,squat,0.71,Bottom,75.56,159.87,0,1.0,
2.198,150,squat,0.708,Bottom,75.56,159.99,0,1.0,
2.212,151,squat,0.706,Bottom,75.56,160.12,0,1.0,
2.225,152,squat,0.705,Bottom,75.57,160.25,0,1.0,
2.239,153,squat,0.704,Bottom,75.58,160.35,0,1.0,
2.253,154,squat,0.702,Bottom,75.59,160.42,0,1.0,
2.268,155,squat,0.701,Bottom,75.56,160.46,0,1.0,
2.281,156,squat,0.7,Bottom,75.52,160.51,0,1.0,
2.295,157,squat,0.701,Bottom,75.46,160.57,0,1.0,
2.309,158,squat,0.703,Bottom,75.35,160.63,0,1.0,
2.323,159,squat,0.703,Bottom,75.24,160.67,0,1.0,
2.337,160,squat,0.702,Bottom,75.08,160.67,0,1.0,
2.351,161,squat,0.697,Bottom,74.87,160.64,0,1.0,
2.364,162,squat,0.691,Bottom,74.61,160.65,0,1.0,
2.377,163,squat,0.686,Bottom,74.36,160.65,0,1.0,
2.391,164,squat,0.681,Bottom,74.14,160.69,0,1.0,
2.405,165,squat,0.679,Bottom,73.96,160.85,0,1.0,
2.419,166,squat,0.678,Bottom,73.83,161.0,0,1.0,
2.433,167,squat,0.679,Bottom,73.73,161.11,0,1.0,
2.447,168,squat,0.68,Bottom,73.66,161.18,0,1.0,
2.461,169,squat,0.681,Bottom,73.6,161.22,0,1.0,
2.475,170,squat,0.682,Bottom,73.55,161.19,0,1.0,
2.489,171,squat,0.682,Bottom,73.51,161.11,0,1.0,
2.503,172,squat,0.681,Bottom,73.48,161.0,0,1.0,
2.517,173,squat,0.681,Bottom,73.45,160.9,0,1.0,
2.531,174,squat,0.68,Bottom,73.44,160.81,0,1.0,
2.544,175,squat,0.679,Bottom,73.4,160.73,0,1.0,
2.558,176,squat,0.678,Bottom,73.32,160.65,0,1.0,
2.572,177,squat,0.676,Bottom,73.23,160.61,0,1.0,
2.586,178,squat,0.674,Bottom,73.15,160.59,0,1.0,
2.6,179,squat,0.673,Bottom,73.06,160.63,0,1.0,
2.613,180,squat,0.673,Bottom,73.0,160.68,0,1.0,
2.627,181,squat,0.673,Bottom,72.97,160.72,0,1.0,
2.641,182,squat,0.674,Bottom,72.96,160.74,0,1.0,
2.654,183,squat,0.675,Bottom,72.98,160.74,0,1.0,
2.668,184,squat,0.677,Bottom,73.0,160.71,0,1.0,
2.682,185,squat,0.679,Bottom,73.02,160.66,0,1.0,
2.696,186,squat,0.68,Bottom,73.03,160.61,0,1.0,
2.709,187,squat,0.681,Bottom,73.05,160.55,0,1.0,
2.723,188,squat,0.683,Bottom,73.06,160.52,0,1.0,
2.736,189,squat,0.684,Bottom,73.05,160.54,0,1.0,
2.75,190,squat,0.684,Bottom,73.04,160.59,0,1.0,
2.764,191,squat,0.685,Bottom,73.03,160.65,0,1.0,
2.778,192,squat,0.684,Bottom,73.0,160.71,0,1.0,
2.792,193,squat,0.682,Bottom,72.95,160.76,0,1.0,
2.806,194,squat,0.681,Bottom,72.94,160.72,0,1.0,
2.82,195,squat,0.68,Bottom,73.08,160.68,0,1.0,
2.833,196,squat,0.687,Bottom,73.55,160.52,0,1.0,
2.847,197,squat,0.689,Ascending,74.49,160.57,0,1.0,
2.86,198,squat,0.687,Ascending,75.52,160.59,0,1.0,
2.874,199,squat,0.68,Ascending,77.15,162.57,0,1.0,
2.887,200,squat,0.671,Ascending,79.34,158.33,0,1.0,
2.901,201,squat,0.67,Ascending,82.36,159.43,0,1.0,
2.915,202,squat,0.664,Ascending,84.97,159.61,0,1.0,
2.929,203,squat,0.665,Ascending,87.88,158.99,0,1.0,
2.943,204,squat,0.662,Ascending,91.2,158.72,0,1.0,
2.956,205,squat,0.656,Ascending,94.8,158.52,0,1.0,
2.97,206,squat,0.634,Ascending,98.42,157.36,0,1.0,
2.984,207,squat,0.595,Ascending,102.45,157.75,0,1.0,
2.997,208,squat,0.571,Ascending,105.88,157.16,0,1.0,
3.011,209,squat,0.565,Ascending,109.48,157.56,0,1.0,
3.025,210,squat,0.553,Ascending,112.83,157.64,0,1.0,
3.039,211,squat,0.54,Ascending,116.09,157.62,0,1.0,
3.052,212,squat,0.518,Ascending,119.43,157.65,0,1.0,
3.066,213,squat,0.506,Ascending,122.24,157.28,0,1.0,
3.079,214,squat,0.498,Ascending,125.24,157.92,0,1.0,
3.093,215,squat,0.478,Ascending,128.43,158.52,0,1.0,
3.106,216,squat,0.444,Ascending,131.88,158.3,0,1.0,
3.12,217,squat,0.417,Ascending,134.65,157.76,0,1.0,
3.133,218,squat,0.399,Ascending,137.51,157.06,0,1.0,
3.146,219,squat,0.367,Ascending,140.73,156.83,0,1.0,
3.16,220,squat,0.354,Ascending,144.19,156.84,0,1.0,
3.174,221,squat,0.35,Ascending,148.06,157.16,0,1.0,
3.188,222,squat,0.343,Ascending,152.38,157.32,0,1.0,
3.202,223,squat,0.339,Ascending,155.82,158.11,0,1.0,
3.216,224,squat,0.33,Ascending,159.32,158.74,0,1.0,
3.23,225,squat,0.317,Ascending,162.83,158.92,0,1.0,
3.243,226,squat,0.308,Ascending,166.21,159.54,0,1.0,
3.257,227,squat,0.311,Start,169.26,158.98,1,1.0,
3.271,228,squat,0.314,Start,171.66,159.36,1,1.0,
3.285,229,squat,0.317,Start,173.68,159.61,1,1.0,
3.299,230,squat,0.314,Start,174.97,160.0,1,1.0,
3.312,231,squat,0.315,Start,175.76,159.6,1,1.0,
3.326,232,pushup,0.314,Start,176.31,158.94,1,1.0,
3.339,233,pushup,0.326,Start,176.75,158.63,1,1.0,
3.353,234,pushup,0.334,Start,177.09,158.43,1,1.0,
3.367,235,pushup,0.34,Start,177.38,158.28,1,1.0,
3.381,236,pushup,0.344,Start,177.66,158.36,1,1.0,
3.403,237,pushup,0.346,Start,177.89,158.6,1,1.0,
3.418,238,pushup,0.347,Start,178.04,158.81,1,1.0,
3.432,239,pushup,0.347,Start,178.15,159.18,1,1.0,
3.446,240,pushup,0.347,Start,178.24,159.62,1,1.0,
3.46,241,pushup,0.34,Start,178.4,160.78,1,1.0,
3.473,242,pushup,0.333,Start,178.6,161.84,1,1.0,
3.487,243,pushup,0.329,Start,178.8,162.64,1,1.0,
3.501,244,pushup,0.327,Start,178.92,163.14,1,1.0,
3.515,245,pushup,0.327,Start,178.97,163.3,1,1.0,
3.528,246,pushup,0.328,Start,179.0,163.27,1,1.0,
3.542,247,pushup,0.33,Start,179.04,163.13,1,1.0,
3.556,248,pushup,0.332,Start,179.06,162.89,1,1.0,
3.57,249,pushup,0.336,Start,179.06,162.49,1,1.0,
3.584,250,pushup,0.34,Start,179.03,162.1,1,1.0,
3.598,251,pushup,0.343,Start,179.01,161.76,1,1.0,
3.611,252,pushup,0.345,Start,178.99,161.43,1,1.0,
3.625,253,pushup,0.347,Start,178.92,161.21,1,1.0,
3.639,254,pushup,0.347,Start,178.81,161.08,1,1.0,
3.653,255,pushup,0.344,Start,178.65,161.02,1,1.0,
3.667,256,pushup,0.338,Start,178.45,161.13,1,1.0,
3.68,257,pushup,0.328,Start,178.23,161.3,1,1.0,
3.694,258,pushup,0.316,Start,178.03,161.37,1,1.0,
3.707,259,pushup,0.305,Start,177.82,161.45,1,1.0,
3.721,260,squat,0.303,Start,177.65,161.57,1,1.0,
3.735,261,squat,0.307,Start,177.49,161.65,1,1.0,
3.749,262,squat,0.311,Start,177.25,161.73,1,1.0,
3.762,263,squat,0.312,Start,177.04,162.05,1,1.0,
3.775,264,squat,0.315,Start,176.59,162.9,1,1.0,
3.789,265,squat,0.315,Start,175.81,164.08,1,1.0,
3.803,266,squat,0.314,Start,174.64,165.25,1,1.0,
3.817,267,squat,0.303,Start,173.04,166.0,1,1.0,
3.831,268,squat,0.302,Start,170.99,166.24,1,1.0,
3.845,269,squat,0.296,Start,169.26,165.99,1,1.0,
3.859,270,squat,0.288,Start,167.62,165.5,1,1.0,
3.873,271,squat,0.267,Start,166.07,164.59,1,1.0,
3.887,272,squat,0.258,Descending,164.28,163.72,1,1.0,
3.901,273,squat,0.261,Descending,162.26,163.12,1,1.0,
3.915,274,squat,0.261,Descending,160.37,162.83,1,1.0,
3.929,275,squat,0.264,Descending,158.43,162.76,1,1.0,
3.943,276,squat,0.268,Descending,156.47,162.95,1,1.0,
3.956,277,squat,0.279,Descending,154.28,162.91,1,1.0,
3.975,278,squat,0.287,Descending,152.47,163.14,1,1.0,
3.993,279,squat,0.301,Descending,150.6,162.88,1,1.0,
4.008,280,squat,0.323,Descending,148.67,162.72,1,1.0,
4.022,281,squat,0.343,Descending,146.86,162.49,1,1.0,
4.036,282,squat,0.357,Descending,144.96,162.63,1,1.0,
4.049,283,squat,0.373,Descending,142.99,162.77,1,1.0,
4.063,284,squat,0.383,Descending,141.45,162.77,1,1.0,
4.077,285,squat,0.396,Descending,139.76,162.82,1,1.0,
4.091,286,squat,0.416,Descending,137.84,162.64,1,1.0,
4.105,287,squat,0.432,Descending,135.72,161.73,1,1.0,
4.119,288,squat,0.452,Descending,133.5,161.11,1,1.0,
4.131,289,squat,0.467,Descending,131.65,160.97,1,1.0,
4.145,290,squat,0.475,Descending,129.75,160.89,1,1.0,
4.159,291,squat,0.481,Descending,127.62,160.66,1,1.0,
4.173,292,squat,0.486,Descending,125.54,160.47,1,1.0,
4.187,293,squat,0.486,Descending,124.03,160.69,1,1.0,
4.2,294,squat,0.491,Descending,122.52,160.71,1,1.0,
4.214,295,squat,0.495,Descending,120.88,160.63,1,1.0,
4.228,296,squat,0.506,Descending,118.95,160.43,1,1.0,
4.241,297,squat,0.524,Descending,116.74,160.37,1,1.0,
4.255,298,squat,0.539,Descending,114.34,160.16,1,1.0,
4.269,299,squat,0.555,Descending,112.09,160.42,1,1.0,
4.283,300,squat,0.571,Descending,109.69,160.46,1,1.0,
4.297,301,squat,0.585,Descending,107.15,160.59,1,1.0,
4.311,302,squat,0.611,Descending,104.5,160.5,1,1.0,
4.325,303,squat,0.63,Descending,101.71,160.47,1,1.0,
4.339,304,squat,0.645,Descending,99.48,160.9,1,1.0,
4.352,305,squat,0.658,Descending,97.21,161.36,1,1.0,
4.366,306,squat,0.675,Descending,94.73,161.85,1,1.0,
4.38,307,squat,0.687,Descending,92.04,162.19,1,1.0,
4.394,308,squat,0.696,Bottom,89.96,162.27,1,1.0,
4.408,309,squat,0.696,Bottom,87.93,162.16,1,1.0,
4.422,310,squat,0.68,Bottom,85.72,161.84,1,1.0,
4.436,311,squat,0.671,Bottom,83.7,161.58,1,1.0,
4.45,312,squat,0.664,Bottom,81.73,161.44,1,1.0,
4.466,313,squat,0.67,Bottom,80.25,161.43,1,1.0,
4.481,314,squat,0.666,Bottom,79.57,161.58,1,1.0,
4.495,315,squat,0.665,Bottom,78.97,161.71,1,1.0,
4.509,316,squat,0.664,Bottom,78.11,161.71,1,1.0,
4.523,317,squat,0.665,Bottom,77.23,161.75,1,1.0,
4.536,318,squat,0.672,Bottom,76.42,161.72,1,1.0,
4.549,319,squat,0.681,Bottom,75.75,161.89,1,1.0,
4.563,320,squat,0.691,Bottom,75.3,161.76,1,1.0,
4.577,321,squat,0.702,Bottom,75.08,161.84,1,1.0,
4.591,322,squat,0.707,Bottom,75.0,162.02,1,1.0,
4.604,323,squat,0.71,Bottom,74.99,162.26,1,1.0,
4.618,324,squat,0.702,Bottom,75.28,162.17,1,1.0,
4.631,325,squat,0.691,Bottom,75.88,162.13,1,1.0,
4.644,326,squat,0.681,Bottom,76.58,162.18,1,1.0,
4.658,327,squat,0.669,Bottom,77.29,162.05,1,1.0,
4.672,328,squat,0.66,Bottom,77.97,161.72,1,1.0,
4.688,329,squat,0.654,Bottom,78.55,161.28,1,1.0,
4.703,330,squat,0.651,Bottom,79.05,161.0,1,1.0,
4.717,331,squat,0.651,Bottom,79.43,160.87,1,1.0,
4.731,332,squat,0.652,Bottom,79.74,160.78,1,1.0,
4.745,333,squat,0.654,Bottom,80.0,160.68,1,1.0,
4.759,334,squat,0.657,Bottom,80.21,160.63,1,1.0,
4.772,335,squat,0.659,Bottom,80.38,160.61,1,1.0,
4.786,336,squat,0.662,Bottom,80.51,160.7,1,1.0,
4.799,337,squat,0.662,Bottom,80.59,160.82,1,1.0,
4.813,338,squat,0.662,Bottom,80.63,160.94,1,1.0,
4.827,339,squat,0.661,Bottom,80.67,161.03,1,1.0,
4.841,340,squat,0.662,Bottom,80.63,161.23,1,1.0,
4.855,341,squat,0.668,Bottom,80.43,161.46,1,1.0,
4.869,342,squat,0.673,Bottom,80.19,161.67,1,1.0,
4.883,343,squat,0.676,Bottom,79.97,161.81,1,1.0,
4.897,344,squat,0.678,Bottom,79.78,161.91,1,1.0,
4.911,345,squat,0.679,Bottom,79.59,162.0,1,1.0,
4.925,346,squat,0.68,Bottom,79.4,162.07,1,1.0,
4.938,347,squat,0.681,Bottom,79.22,162.12,1,1.0,
4.952,348,squat,0.681,Bottom,79.06,162.15,1,1.0,
4.966,349,squat,0.681,Bottom,78.94,162.15,1,1.0,
4.98,350,squat,0.681,Bottom,78.84,162.16,1,1.0,
4.993,351,squat,0.681,Bottom,78.73,162.17,1,1.0,
5.007,352,squat,0.682,Bottom,78.57,162.18,1,1.0,
5.023,353,squat,0.683,Bottom,78.42,162.2,1,1.0,
5.041,354,squat,0.684,Bottom,78.25,162.24,1,1.0,
5.055,355,squat,0.684,Bottom,78.13,162.34,1,1.0,
5.069,356,squat,0.685,Bottom,78.05,162.45,1,1.0,
5.083,357,squat,0.685,Bottom,77.99,162.58,1,1.0,
5.097,358,squat,0.686,Bottom,77.93,162.71,1,1.0,
5.111,359,squat,0.687,Bottom,77.88,162.83,1,1.0,
5.125,360,squat,0.688,Bottom,77.83,162.97,1,1.0,
5.139,361,squat,0.69,Bottom,77.75,163.14,1,1.0,
5.153,362,squat,0.692,Bottom,77.66,163.33,1,1.0,
5.167,363,squat,0.694,Bottom,77.49,163.52,1,1.0,
5.181,364,squat,0.695,Bottom,77.28,163.69,1,1.0,
5.196,365,squat,0.696,Bottom,77.08,163.83,1,1.0,
5.209,366,squat,0.697,Bottom,76.84,163.92,1,1.0,
5.223,367,squat,0.698,Bottom,76.63,163.96,1,1.0,
5.237,368,squat,0.698,Bottom,76.45,163.96,1,1.0,
5.251,369,squat,0.699,Bottom,76.3,163.87,1,1.0,
5.264,370,squat,0.7,Bottom,76.16,163.74,1,1.0,
5.278,371,squat,0.703,Bottom,75.99,163.56,1,1.0,
5.292,372,squat,0.708,Bottom,75.8,163.34,1,1.0,
5.306,373,squat,0.711,Bottom,75.58,163.1,1,1.0,
5.32,374,squat,0.712,Bottom,75.33,162.89,1,1.0,
5.334,375,squat,0.713,Bottom,75.14,162.56,1,1.0,
5.347,376,squat,0.714,Bottom,75.02,162.11,1,1.0,
5.361,377,squat,0.715,Bottom,74.96,161.68,1,1.0,
5.375,378,squat,0.716,Bottom,74.95,161.19,1,1.0,
5.389,379,squat,0.717,Bottom,74.96,160.78,1,1.0,
5.403,380,squat,0.717,Bottom,74.99,160.37,1,1.0,
5.417,381,squat,0.716,Bottom,75.09,160.02,1,1.0,
5.431,382,squat,0.716,Bottom,75.19,159.76,1,1.0,
5.444,383,squat,0.715,Bottom,75.27,159.53,1,1.0,
5.457,384,squat,0.714,Bottom,75.33,159.45,1,1.0,
5.471,385,squat,0.713,Bottom,75.38,159.39,1,1.0,
5.485,386,squat,0.711,Bottom,75.42,159.42,1,1.0,
5.499,387,squat,0.71,Bottom,75.46,159.49,1,1.0,
5.513,388,squat,0.709,Bottom,75.47,159.62,1,1.0,
5.527,389,squat,0.709,Bottom,75.46,159.77,1,1.0,
5.541,390,squat,0.709,Bottom,75.45,159.89,1,1.0,
5.554,391,squat,0.708,Bottom,75.44,160.01,1,1.0,
5.571,392,squat,0.707,Bottom,75.44,160.12,1,1.0,
5.584,393,squat,0.704,Bottom,75.47,160.25,1,1.0,
5.599,394,squat,0.701,Bottom,75.52,160.38,1,1.0,
5.612,395,squat,0.7,Bottom,75.53,160.48,1,1.0,
5.625,396,squat,0.701,Bottom,75.48,160.57,1,1.0,
5.639,397,squat,0.703,Bottom,75.4,160.65,1,1.0,
5.654,398,squat,0.703,Bottom,75.3,160.72,1,1.0,
5.667,399,squat,0.702,Bottom,75.16,160.78,1,1.0,
5.681,400,squat,0.701,Bottom,75.04,160.78,1,1.0,
5.695,401,squat,0.7,Bottom,74.92,160.75,1,1.0,
5.709,402,squat,0.697,Bottom,74.75,160.7,1,1.0,
5.723,403,squat,0.694,Bottom,74.49,160.67,1,1.0,
5.737,404,squat,0.692,Bottom,74.24,160.65,1,1.0,
5.75,405,squat,0.69,Bottom,74.02,160.67,1,1.0,
5.764,406,squat,0.689,Bottom,73.83,160.81,1,1.0,
5.777,407,squat,0.689,Bottom,73.65,161.0,1,1.0,
5.791,408,squat,0.689,Bottom,73.51,161.15,1,1.0,
5.805,409,squat,0.689,Bottom,73.38,161.27,1,1.0,
5.819,410,squat,0.689,Bottom,73.28,161.34,1,1.0,
5.833,411,squat,0.689,Bottom,73.2,161.37,1,1.0,
5.847,412,squat,0.688,Bottom,73.1,161.38,1,1.0,
5.861,413,squat,0.685,Bottom,72.99,161.36,1,1.0,
5.875,414,squat,0.682,Bottom,72.9,161.34,1,1.0,
5.889,415,squat,0.68,Bottom,72.82,161.31,1,1.0,
5.903,416,squat,0.678,Bottom,72.77,161.26,1,1.0,
5.916,417,squat,0.677,Bottom,72.73,161.19,1,1.0,
5.931,418,squat,0.676,Bottom,72.71,161.12,1,1.0,
5.944,419,squat,0.674,Bottom,72.7,161.04,1,1.0,
5.958,420,squat,0.674,Bottom,72.69,160.99,1,1.0,
5.972,421,squat,0.675,Bottom,72.73,160.94,1,1.0,
5.986,422,squat,0.676,Bottom,72.79,160.87,1,1.0,
6.0,423,squat,0.678,Bottom,72.87,160.78,1,1.0,
6.014,424,squat,0.68,Bottom,72.95,160.68,1,1.0,
6.027,425,squat,0.682,Bottom,73.03,160.59,1,1.0,
6.041,426,squat,0.684,Bottom,73.1,160.5,1,1.0,
6.055,427,squat,0.686,Bottom,73.17,160.41,1,1.0,
6.069,428,squat,0.687,Bottom,73.22,160.33,1,1.0,
6.082,429,squat,0.688,Bottom,73.27,160.26,1,1.0,
6.096,430,squat,0.689,Bottom,73.29,160.26,1,1.0,
6.11,431,squat,0.69,Bottom,73.3,160.27,1,1.0,
6.124,432,squat,0.689,Bottom,73.3,160.31,1,1.0,
6.138,433,squat,0.689,Bottom,73.28,160.35,1,1.0,
6.151,434,squat,0.688,Bottom,73.26,160.37,1,1.0,
6.163,435,squat,0.686,Bottom,73.26,160.31,1,1.0,
6.177,436,squat,0.686,Bottom,73.47,160.34,1,1.0,
6.19,437,squat,0.69,Bottom,74.01,160.25,1,1.0,
6.204,438,squat,0.691,Ascending,74.92,160.25,1,1.0,
6.217,439,squat,0.687,Ascending,75.94,160.29,1,1.0,
6.231,440,squat,0.679,Ascending,77.46,162.09,1,1.0,
6.245,441,squat,0.668,Ascending,79.53,158.07,1,1.0,
6.259,442,squat,0.67,Ascending,82.44,159.98,1,1.0,
6.273,443,squat,0.66,Ascending,85.02,159.64,1,1.0,
6.287,444,squat,0.659,Ascending,87.96,161.59,1,1.0,
6.301,445,squat,0.658,Ascending,91.25,160.77,1,1.0,
6.315,446,squat,0.652,Ascending,94.82,159.06,1,1.0,
6.33,447,squat,0.63,Ascending,98.49,159.51,1,1.0,
6.343,448,squat,0.592,Ascending,102.52,159.85,1,1.0,
6.357,449,squat,0.569,Ascending,105.87,159.86,1,1.0,
6.371,450,squat,0.562,Ascending,109.37,159.83,1,1.0,
6.385,451,squat,0.55,Ascending,112.65,159.37,1,1.0,
6.399,452,squat,0.54,Ascending,115.92,158.92,1,1.0,
6.412,453,squat,0.516,Ascending,119.32,158.67,1,1.0,
6.426,454,squat,0.504,Ascending,122.14,158.0,1,1.0,
6.44,455,squat,0.496,Ascending,125.14,158.3,1,1.0,
6.454,456,squat,0.476,Ascending,128.37,158.72,1,1.0,
6.467,457,squat,0.442,Ascending,131.85,158.46,1,1.0,
6.481,458,squat,0.416,Ascending,134.65,159.22,1,1.0,
6.496,459,squat,0.396,Ascending,137.57,158.49,1,1.0,
6.509,460,squat,0.366,Ascending,140.76,158.12,1,1.0,
6.522,461,squat,0.356,Ascending,144.2,157.8,1,1.0,
6.536,462,squat,0.356,Ascending,148.03,157.65,1,1.0,
6.55,463,squat,0.348,Ascending,152.3,157.78,1,1.0,
6.564,464,squat,0.343,Ascending,155.72,158.33,1,1.0,
6.579,465,squat,0.332,Ascending,159.27,158.88,1,1.0,
6.593,466,squat,0.318,Ascending,162.83,159.03,1,1.0,
6.606,467,squat,0.309,Ascending,166.19,159.8,1,1.0,
6.62,468,squat,0.311,Start,169.25,159.28,2,1.0,
6.634,469,squat,0.315,Start,171.79,159.69,2,1.0,
6.648,470,squat,0.317,Start,173.67,160.07,2,1.0,
6.663,471,squat,0.315,Start,174.89,160.19,2,1.0,
6.676,472,squat,0.312,Start,175.73,159.75,2,1.0,
6.691,473,pushup,0.312,Start,176.27,159.15,2,1.0,
6.704,474,pushup,0.325,Start,176.67,158.66,2,1.0,
6.717,475,pushup,0.336,Start,177.03,158.2,2,1.0,
6.731,476,pushup,0.343,Start,177.34,157.95,2,1.0,
6.745,477,pushup,0.349,Start,177.65,157.84,2,1.0,
6.759,478,pushup,0.352,Start,177.9,157.92,2,1.0,
6.773,479,pushup,0.353,Start,178.03,158.05,2,1.0,
6.787,480,pushup,0.352,Start,178.12,158.48,2,1.0,
6.801,481,pushup,0.351,Start,178.2,159.04,2,1.0,
6.814,482,pushup,0.35,Start,178.32,159.58,2,1.0,
6.827,483,pushup,0.342,Start,178.48,160.86,2,1.0,
6.841,484,pushup,0.334,Start,178.63,161.99,2,1.0,
6.855,485,pushup,0.329,Start,178.8,162.71,2,1.0,
6.868,486,pushup,0.327,Start,178.94,163.15,2,1.0,
6.882,487,pushup,0.326,Start,179.03,163.37,2,1.0,
6.896,488,pushup,0.325,Start,179.08,163.42,2,1.0,
6.91,489,pushup,0.326,Start,179.1,163.39,2,1.0,
6.924,490,pushup,0.326,Start,179.11,163.32,2,1.0,
6.938,491,pushup,0.327,Start,179.1,163.19,2,1.0,
6.952,492,pushup,0.329,Start,179.07,162.99,2,1.0,
6.966,493,pushup,0.331,Start,179.01,162.76,2,1.0,
6.979,494,pushup,0.332,Start,178.98,162.58,2,1.0,
6.993,495,pushup,0.333,Start,178.94,162.43,2,1.0,
7.007,496,pushup,0.335,Start,178.9,162.26,2,1.0,
7.021,497,pushup,0.335,Start,178.86,162.25,2,1.0,
7.035,498,pushup,0.331,Start,178.7,162.23,2,1.0,
7.049,499,pushup,0.323,Start,178.47,162.16,2,1.0,
7.063,500,pushup,0.312,Start,178.22,162.06,2,1.0,
7.078,501,squat,0.305,Start,177.98,162.04,2,1.0,
7.091,502,squat,0.307,Start,177.73,162.04,2,1.0,
7.105,503,squat,0.309,Start,177.55,162.0,2,1.0,
7.119,504,squat,0.314,Start,177.3,161.97,2,1.0,
7.133,505,squat,0.318,Start,177.05,162.31,2,1.0,
7.147,506,squat,0.321,Start,176.62,163.08,2,1.0,
7.161,507,squat,0.322,Start,175.86,164.23,2,1.0,
7.175,508,squat,0.324,Start,174.67,165.46,2,1.0,
7.188,509,squat,0.312,Start,173.01,166.1,2,1.0,
7.202,510,squat,0.308,Start,170.9,165.99,2,1.0,
7.216,511,squat,0.303,Start,169.05,165.59,2,1.0,
7.23,512,squat,0.295,Start,167.41,165.05,2,1.0,
7.244,513,squat,0.273,Start,165.83,164.32,2,1.0,
7.258,514,squat,0.261,Descending,164.11,163.38,2,1.0,
7.272,515,squat,0.263,Descending,162.16,162.94,2,1.0,
7.286,516,squat,0.265,Descending,160.32,162.75,2,1.0,
7.3,517,squat,0.271,Descending,158.41,162.7,2,1.0,
7.313,518,squat,0.277,Descending,156.43,162.8,2,1.0,
7.327,519,squat,0.29,Descending,154.18,162.89,2,1.0,
7.341,520,squat,0.298,Descending,152.39,163.13,2,1.0,
7.355,521,squat,0.31,Descending,150.56,162.92,2,1.0,
7.369,522,squat,0.328,Descending,148.65,162.85,2,1.0,
7.382,523,squat,0.347,Descending,146.87,162.73,2,1.0,
7.396,524,squat,0.36,Descending,145.03,162.98,2,1.0,
7.41,525,squat,0.374,Descending,143.1,163.04,2,1.0,
7.424,526,squat,0.381,Descending,141.52,163.02,2,1.0,
7.438,527,squat,0.393,Descending,139.83,162.93,2,1.0,
7.452,528,squat,0.411,Descending,137.91,162.6,2,1.0,
7.466,529,squat,0.427,Descending,135.8,161.79,2,1.0,
7.48,530,squat,0.447,Descending,133.57,161.17,2,1.0,
7.494,531,squat,0.461,Descending,131.71,161.1,2,1.0,
7.508,532,squat,0.466,Descending,129.82,161.02,2,1.0,
7.522,533,squat,0.473,Descending,127.72,160.77,2,1.0,
7.537,534,squat,0.478,Descending,125.64,160.52,2,1.0,
7.551,535,squat,0.479,Descending,124.19,160.82,2,1.0,
7.566,536,squat,0.483,Descending,122.69,160.79,2,1.0,
7.58,537,squat,0.485,Descending,121.03,160.5,2,1.0,
7.594,538,squat,0.497,Descending,119.04,160.26,2,1.0,
7.607,539,squat,0.518,Descending,116.8,160.35,2,1.0,
7.621,540,squat,0.534,Descending,114.33,160.14,2,1.0,
7.634,541,squat,0.55,Descending,112.09,160.37,2,1.0,
7.648,542,squat,0.57,Descending,109.72,160.35,2,1.0,
7.662,543,squat,0.588,Descending,107.23,160.32,2,1.0,
7.675,544,squat,0.615,Descending,104.54,160.28,2,1.0,
7.689,545,squat,0.635,Descending,101.79,160.21,2,1.0,
7.703,546,squat,0.653,Descending,99.52,160.59,2,1.0,
7.717,547,squat,0.664,Descending,97.26,160.96,2,1.0,
7.731,548,squat,0.678,Descending,94.73,161.6,2,1.0,
7.745,549,squat,0.689,Descending,92.0,162.06,2,1.0,
7.759,550,squat,0.698,Bottom,89.9,162.11,2,1.0,
7.773,551,squat,0.694,Bottom,87.78,161.99,2,1.0,
7.787,552,squat,0.678,Bottom,85.66,161.71,2,1.0,
7.801,553,squat,0.671,Bottom,83.67,161.5,2,1.0,
7.815,554,squat,0.664,Bottom,81.66,161.4,2,1.0,
7.829,555,squat,0.668,Bottom,80.23,161.3,2,1.0,
7.843,556,squat,0.659,Bottom,79.48,161.5,2,1.0,
7.857,557,squat,0.657,Bottom,78.83,161.58,2,1.0,
7.871,558,squat,0.656,Bottom,77.87,161.61,2,1.0,
7.885,559,squat,0.657,Bottom,77.01,161.69,2,1.0,
7.899,560,squat,0.666,Bottom,76.23,161.59,2,1.0,
7.913,561,squat,0.678,Bottom,75.58,161.79,2,1.0,
7.927,562,squat,0.69,Bottom,75.18,162.02,2,1.0,
7.941,563,squat,0.697,Bottom,75.07,162.02,2,1.0,
7.955,564,squat,0.697,Bottom,75.13,162.05,2,1.0,
7.969,565,squat,0.695,Bottom,75.23,162.16,2,1.0,
7.983,566,squat,0.685,Bottom,75.65,161.95,2,1.0,
7.998,567,squat,0.673,Bottom,76.24,161.86,2,1.0,
8.011,568,squat,0.662,Bottom,76.92,161.76,2,1.0,
8.025,569,squat,0.652,Bottom,77.59,161.55,2,1.0,
8.038,570,squat,0.644,Bottom,78.25,161.19,2,1.0,
8.052,571,squat,0.64,Bottom,78.8,160.99,2,1.0,
8.066,572,squat,0.639,Bottom,79.27,160.61,2,1.0,
8.08,573,squat,0.64,Bottom,79.62,160.3,2,1.0,
8.094,574,squat,0.641,Bottom,79.9,160.06,2,1.0,
8.107,575,squat,0.644,Bottom,80.12,159.88,2,1.0,
8.12,576,squat,0.647,Bottom,80.29,159.76,2,1.0,
8.134,577,squat,0.65,Bottom,80.43,159.75,2,1.0,
8.148,578,squat,0.653,Bottom,80.54,159.9,2,1.0,
8.162,579,squat,0.655,Bottom,80.6,160.1,2,1.0,
8.176,580,squat,0.656,Bottom,80.65,160.32,2,1.0,
8.189,581,squat,0.657,Bottom,80.67,160.59,2,1.0,
8.203,582,squat,0.661,Bottom,80.61,160.91,2,1.0,
8.217,583,squat,0.667,Bottom,80.42,161.22,2,1.0,
8.231,584,squat,0.673,Bottom,80.2,161.49,2,1.0,
8.245,585,squat,0.676,Bottom,80.01,161.69,2,1.0,
8.26,586,squat,0.679,Bottom,79.85,161.83,2,1.0,
8.273,587,squat,0.679,Bottom,79.7,161.94,2,1.0,
8.288,588,squat,0.679,Bottom,79.56,162.03,2,1.0,
8.302,589,squat,0.679,Bottom,79.42,162.1,2,1.0,
8.316,590,squat,0.678,Bottom,79.28,162.14,2,1.0,
8.33,591,squat,0.678,Bottom,79.15,162.17,2,1.0,
8.343,592,squat,0.678,Bottom,79.06,162.24,2,1.0,
8.355,593,squat,0.678,Bottom,78.93,162.31,2,1.0,
8.369,594,squat,0.679,Bottom,78.74,162.39,2,1.0,
8.383,595,squat,0.68,Bottom,78.56,162.46,2,1.0,
8.397,596,squat,0.681,Bottom,78.41,162.55,2,1.0,
8.411,597,squat,0.68,Bottom,78.27,162.64,2,1.0,
8.425,598,squat,0.681,Bottom,78.16,162.75,2,1.0,
8.439,599,squat,0.681,Bottom,78.02,162.85,2,1.0,
8.453,600,squat,0.682,Bottom,77.89,162.95,2,1.0,
8.467,601,squat,0.683,Bottom,77.77,163.06,2,1.0,
8.481,602,squat,0.684,Bottom,77.66,163.17,2,1.0,
8.495,603,squat,0.685,Bottom,77.56,163.3,2,1.0,
8.509,604,squat,0.686,Bottom,77.47,163.45,2,1.0,
8.523,605,squat,0.685,Bottom,77.3,163.61,2,1.0,
8.537,606,squat,0.684,Bottom,77.1,163.75,2,1.0,
8.551,607,squat,0.682,Bottom,76.9,163.87,2,1.0,
8.565,608,squat,0.682,Bottom,76.7,163.93,2,1.0,
8.579,609,squat,0.682,Bottom,76.53,163.95,2,1.0,
8.593,610,squat,0.682,Bottom,76.38,163.93,2,1.0,
8.607,611,squat,0.683,Bottom,76.24,163.83,2,1.0,
8.62,612,squat,0.685,Bottom,76.12,163.68,2,1.0,
8.633,613,squat,0.689,Bottom,75.99,163.52,2,1.0,
8.646,614,squat,0.694,Bottom,75.85,163.35,2,1.0,
8.659,615,squat,0.699,Bottom,75.7,163.09,2,1.0,
8.674,616,squat,0.703,Bottom,75.55,162.83,2,1.0,
8.687,617,squat,0.706,Bottom,75.4,162.56,2,1.0,
8.701,618,squat,0.708,Bottom,75.29,162.16,2,1.0,
8.715,619,squat,0.71,Bottom,75.23,161.7,2,1.0,
8.729,620,squat,0.711,Bottom,75.21,161.21,2,1.0,
8.743,621,squat,0.712,Bottom,75.21,160.76,2,1.0,
8.756,622,squat,0.713,Bottom,75.24,160.38,2,1.0,
8.77,623,squat,0.713,Bottom,75.3,160.07,2,1.0,
8.784,624,squat,0.713,Bottom,75.36,159.81,2,1.0,
8.798,625,squat,0.713,Bottom,75.41,159.61,2,1.0,
8.811,626,squat,0.713,Bottom,75.44,159.48,2,1.0,
8.825,627,squat,0.713,Bottom,75.44,159.4,2,1.0,
8.838,628,squat,0.713,Bottom,75.45,159.42,2,1.0,
8.852,629,squat,0.712,Bottom,75.47,159.5,2,1.0,
8.866,630,squat,0.711,Bottom,75.48,159.63,2,1.0,
8.879,631,squat,0.709,Bottom,75.5,159.78,2,1.0,
8.893,632,squat,0.707,Bottom,75.53,159.94,2,1.0,
8.907,633,squat,0.704,Bottom,75.58,160.05,2,1.0,
8.92,634,squat,0.701,Bottom,75.6,160.17,2,1.0,
8.934,635,squat,0.699,Bottom,75.61,160.24,2,1.0,
8.948,636,squat,0.698,Bottom,75.61,160.3,2,1.0,
8.962,637,squat,0.697,Bottom,75.61,160.34,2,1.0,
8.975,638,squat,0.698,Bottom,75.56,160.38,2,1.0,
8.989,639,squat,0.701,Bottom,75.45,160.42,2,1.0,
9.003,640,squat,0.702,Bottom,75.31,160.45,2,1.0,
9.017,641,squat,0.701,Bottom,75.14,160.52,2,1.0,
9.031,642,squat,0.7,Bottom,74.98,160.56,2,1.0,
9.045,643,squat,0.697,Bottom,74.8,160.6,2,1.0,
9.058,644,squat,0.692,Bottom,74.59,160.62,2,1.0,
9.072,645,squat,0.687,Bottom,74.35,160.66,2,1.0,
9.085,646,squat,0.683,Bottom,74.14,160.69,2,1.0,
9.099,647,squat,0.68,Bottom,73.97,160.73,2,1.0,
9.113,648,squat,0.679,Bottom,73.82,160.83,2,1.0,
9.127,649,squat,0.679,Bottom,73.72,160.93,2,1.0,
9.141,650,squat,0.681,Bottom,73.64,161.0,2,1.0,
9.155,651,squat,0.682,Bottom,73.55,161.05,2,1.0,
9.169,652,squat,0.683,Bottom,73.46,161.06,2,1.0,
9.183,653,squat,0.684,Bottom,73.39,161.03,2,1.0,
9.198,654,squat,0.683,Bottom,73.32,160.96,2,1.0,
9.212,655,squat,0.681,Bottom,73.25,160.87,2,1.0,
9.225,656,squat,0.68,Bottom,73.19,160.8,2,1.0,
9.239,657,squat,0.679,Bottom,73.15,160.73,2,1.0,
9.253,658,squat,0.679,Bottom,73.11,160.67,2,1.0,
9.268,659,squat,0.677,Bottom,73.03,160.62,2,1.0,
9.282,660,squat,0.676,Bottom,72.97,160.62,2,1.0,
9.296,661,squat,0.675,Bottom,72.91,160.64,2,1.0,
9.309,662,squat,0.675,Bottom,72.83,160.71,2,1.0,
9.323,663,squat,0.676,Bottom,72.8,160.81,2,1.0,
9.338,664,squat,0.678,Bottom,72.8,160.86,2,1.0,
9.351,665,squat,0.68,Bottom,72.82,160.86,2,1.0,
9.365,666,squat,0.682,Bottom,72.85,160.82,2,1.0,
9.379,667,squat,0.684,Bottom,72.88,160.75,2,1.0,
9.393,668,squat,0.685,Bottom,72.91,160.66,2,1.0,
9.407,669,squat,0.687,Bottom,72.93,160.56,2,1.0,
9.42,670,squat,0.688,Bottom,72.95,160.46,2,1.0,
9.434,671,squat,0.689,Bottom,72.97,160.41,2,1.0,
9.448,672,squat,0.69,Bottom,72.98,160.43,2,1.0,
9.462,673,squat,0.691,Bottom,72.98,160.48,2,1.0,
9.476,674,squat,0.691,Bottom,72.98,160.56,2,1.0,
9.489,675,squat,0.69,Bottom,72.95,160.63,2,1.0,
9.503,676,squat,0.688,Bottom,72.89,160.7,2,1.0,
9.517,677,squat,0.686,Bottom,72.86,160.65,2,1.0,
9.531,678,squat,0.684,Bottom,73.03,160.57,2,1.0,
9.546,679,squat,0.69,Bottom,73.6,160.37,2,1.0,
9.56,680,squat,0.692,Ascending,74.58,160.5,2,1.0,
9.574,681,squat,0.688,Ascending,75.65,160.37,2,1.0,
9.588,682,squat,0.682,Ascending,77.24,160.51,2,1.0,
9.602,683,squat,0.674,Ascending,79.37,155.59,2,1.0,
9.616,684,squat,0.675,Ascending,82.32,157.84,2,1.0,
9.63,685,squat,0.667,Ascending,84.93,158.11,2,1.0,
9.644,686,squat,0.667,Ascending,87.9,160.41,2,1.0,
9.658,687,squat,0.664,Ascending,91.2,159.72,2,1.0,
9.671,688,squat,0.658,Ascending,94.73,159.64,2,1.0,
9.686,689,squat,0.638,Ascending,98.32,160.36,2,1.0,
9.7,690,squat,0.601,Ascending,102.32,160.26,2,1.0,
9.714,691,squat,0.58,Ascending,105.73,160.2,2,1.0,
9.728,692,squat,0.571,Ascending,109.36,160.15,2,1.0,
9.742,693,squat,0.557,Ascending,112.73,159.67,2,1.0,
9.756,694,squat,0.54,Ascending,116.05,159.17,2,1.0,
9.77,695,squat,0.522,Ascending,119.43,158.79,2,1.0,
9.784,696,squat,0.511,Ascending,122.26,158.03,2,1.0,
9.799,697,squat,0.5,Ascending,125.25,158.53,2,1.0,
9.813,698,squat,0.478,Ascending,128.47,159.16,2,1.0,
9.827,699,squat,0.444,Ascending,131.91,158.74,2,1.0,
9.84,700,squat,0.418,Ascending,134.66,157.99,2,1.0,
9.854,701,squat,0.398,Ascending,137.56,157.2,2,1.0,
9.868,702,squat,0.366,Ascending,140.75,156.97,2,1.0,
9.882,703,squat,0.355,Ascending,144.19,156.98,2,1.0,
9.896,704,squat,0.352,Ascending,148.02,157.24,2,1.0,
9.91,705,squat,0.343,Ascending,152.31,157.36,2,1.0,
9.924,706,squat,0.338,Ascending,155.76,157.98,2,1.0,
9.938,707,squat,0.329,Ascending,159.33,158.54,2,1.0,
9.952,708,squat,0.318,Ascending,162.94,158.72,2,1.0,
9.964,709,squat,0.307,Ascending,166.29,159.28,2,1.0,
9.978,710,squat,0.311,Start,169.33,158.95,3,1.0,
9.992,711,squat,0.314,Start,171.89,159.07,3,1.0,
10.006,712,squat,0.317,Start,173.73,159.7,3,1.0,
10.02,713,squat,0.315,Start,174.96,159.99,3,1.0,
10.034,714,squat,0.312,Start,175.74,159.54,3,1.0,
10.048,715,pushup,0.314,Start,176.34,158.86,3,1.0,
10.062,716,pushup,0.327,Start,176.73,158.27,3,1.0,
10.076,717,pushup,0.339,Start,177.09,157.69,3,1.0,
10.09,718,pushup,0.346,Start,177.38,157.46,3,1.0,
10.104,719,pushup,0.352,Start,177.69,157.39,3,1.0,
10.119,720,pushup,0.354,Start,177.9,157.49,3,1.0,
10.134,721,pushup,0.356,Start,178.05,157.64,3,1.0,
10.147,722,pushup,0.353,Start,178.16,158.22,3,1.0,
10.162,723,pushup,0.35,Start,178.23,158.92,3,1.0,
10.176,724,pushup,0.343,Start,178.36,160.16,3,1.0,
10.19,725,pushup,0.336,Start,178.49,161.3,3,1.0,
10.204,726,pushup,0.331,Start,178.66,162.1,3,1.0,
10.218,727,pushup,0.328,Start,178.83,162.64,3,1.0,
10.232,728,pushup,0.326,Start,178.94,163.0,3,1.0,
10.246,729,pushup,0.325,Start,179.0,163.27,3,1.0,
10.259,730,pushup,0.325,Start,179.03,163.43,3,1.0,
10.273,731,pushup,0.325,Start,179.04,163.52,3,1.0,
10.287,732,pushup,0.325,Start,179.01,163.49,3,1.0,
10.301,733,pushup,0.327,Start,178.98,163.32,3,1.0,
10.315,734,pushup,0.329,Start,178.92,163.2,3,1.0,
10.329,735,pushup,0.329,Start,178.9,163.1,3,1.0,
10.343,736,pushup,0.33,Start,178.86,163.01,3,1.0,
10.357,737,pushup,0.331,Start,178.82,162.93,3,1.0,
10.371,738,pushup,0.331,Start,178.74,162.84,3,1.0,
10.385,739,pushup,0.327,Start,178.54,162.8,3,1.0,
10.399,740,pushup,0.319,Start,178.29,162.75,3,1.0,
10.412,741,pushup,0.308,Start,178.03,162.71,3,1.0,
10.426,742,squat,0.302,Start,177.8,162.72,3,1.0,
10.44,743,squat,0.306,Start,177.58,162.68,3,1.0,
10.454,744,squat,0.31,Start,177.41,162.57,3,1.0,
10.468,745,squat,0.313,Start,177.18,162.45,3,1.0,
10.482,746,squat,0.315,Start,176.96,162.63,3,1.0,
10.495,747,squat,0.317,Start,176.56,163.29,3,1.0,
10.509,748,squat,0.317,Start,175.81,164.37,3,1.0,
10.523,749,squat,0.318,Start,174.68,165.54,3,1.0,
10.537,750,squat,0.306,Start,173.05,166.32,3,1.0,
10.551,751,squat,0.302,Start,170.94,166.51,3,1.0,
10.565,752,squat,0.298,Start,169.14,166.21,3,1.0,
10.579,753,squat,0.291,Start,167.5,165.62,3,1.0,
10.593,754,squat,0.27,Start,165.93,164.79,3,1.0,
10.606,755,squat,0.259,Descending,164.19,163.72,3,1.0,
10.619,756,squat,0.263,Descending,162.24,163.15,3,1.0,
10.633,757,squat,0.264,Descending,160.38,162.95,3,1.0,
10.647,758,squat,0.272,Descending,158.43,162.84,3,1.0,
10.661,759,squat,0.278,Descending,156.45,162.93,3,1.0,
10.675,760,squat,0.29,Descending,154.23,163.02,3,1.0,
10.689,761,squat,0.297,Descending,152.47,163.19,3,1.0,
10.703,762,squat,0.307,Descending,150.65,163.01,3,1.0,
10.717,763,squat,0.327,Descending,148.72,162.93,3,1.0,
10.731,764,squat,0.347,Descending,146.9,162.79,3,1.0,
10.745,765,squat,0.36,Descending,145.01,162.92,3,1.0,
10.759,766,squat,0.377,Descending,142.99,162.99,3,1.0,
10.773,767,squat,0.385,Descending,141.44,163.0,3,1.0,
10.787,768,squat,0.396,Descending,139.79,162.98,3,1.0,
10.801,769,squat,0.415,Descending,137.88,162.49,3,1.0,
10.815,770,squat,0.432,Descending,135.76,161.68,3,1.0,
10.828,771,squat,0.451,Descending,133.57,161.19,3,1.0,
10.843,772,squat,0.465,Descending,131.71,161.21,3,1.0,
10.857,773,squat,0.473,Descending,129.77,161.18,3,1.0,
10.871,774,squat,0.478,Descending,127.65,160.92,3,1.0,
10.885,775,squat,0.482,Descending,125.58,160.68,3,1.0,
10.899,776,squat,0.481,Descending,124.17,160.86,3,1.0,
10.913,777,squat,0.486,Descending,122.66,160.81,3,1.0,
10.927,778,squat,0.489,Descending,120.97,160.58,3,1.0,
10.94,779,squat,0.499,Descending,118.93,160.37,3,1.0,
10.953,780,squat,0.517,Descending,116.61,160.39,3,1.0,
10.967,781,squat,0.536,Descending,114.05,160.18,3,1.0,
10.981,782,squat,0.554,Descending,111.86,160.47,3,1.0,
10.995,783,squat,0.576,Descending,109.61,160.43,3,1.0,
11.009,784,squat,0.593,Descending,107.14,160.38,3,1.0,
11.023,785,squat,0.616,Descending,104.5,160.03,3,1.0,
11.037,786,squat,0.637,Descending,101.79,159.81,3,1.0,
11.051,787,squat,0.653,Descending,99.53,160.3,3,1.0,
11.065,788,squat,0.663,Descending,97.27,160.81,3,1.0,
11.079,789,squat,0.676,Descending,94.76,161.4,3,1.0,
11.093,790,squat,0.686,Descending,92.09,161.99,3,1.0,
11.107,791,squat,0.696,Bottom,89.99,162.16,3,1.0,
11.121,792,squat,0.693,Bottom,87.87,162.13,3,1.0,
11.134,793,squat,0.678,Bottom,85.71,161.89,3,1.0,
11.148,794,squat,0.672,Bottom,83.7,161.59,3,1.0,
11.161,795,squat,0.664,Bottom,81.72,161.43,3,1.0,
11.174,796,squat,0.666,Bottom,80.22,161.37,3,1.0,
11.188,797,squat,0.661,Bottom,79.43,161.58,3,1.0,
11.201,798,squat,0.66,Bottom,78.69,161.55,3,1.0,
11.214,799,squat,0.662,Bottom,77.69,161.59,3,1.0,
11.229,800,squat,0.661,Bottom,76.81,161.63,3,1.0,
11.242,801,squat,0.667,Bottom,76.03,161.5,3,1.0,
11.256,802,squat,0.676,Bottom,75.38,161.69,3,1.0,
11.269,803,squat,0.686,Bottom,74.97,161.68,3,1.0,
11.283,804,squat,0.697,Bottom,74.85,161.51,3,1.0,
11.297,805,squat,0.7,Bottom,74.88,161.41,3,1.0,
11.31,806,squat,0.701,Bottom,74.97,161.43,3,1.0,
11.324,807,squat,0.695,Bottom,75.39,161.22,3,1.0,
11.338,808,squat,0.687,Bottom,75.97,161.29,3,1.0,
11.352,809,squat,0.676,Bottom,76.68,161.58,3,1.0,
11.366,810,squat,0.665,Bottom,77.42,161.66,3,1.0,
11.379,811,squat,0.654,Bottom,78.15,161.22,3,1.0,
11.392,812,squat,0.646,Bottom,78.79,160.96,3,1.0,
11.406,813,squat,0.642,Bottom,79.35,160.8,3,1.0,
11.42,814,squat,0.642,Bottom,79.74,160.64,3,1.0,
11.434,815,squat,0.642,Bottom,80.06,160.46,3,1.0,
11.448,816,squat,0.645,Bottom,80.28,160.42,3,1.0,
11.461,817,squat,0.647,Bottom,80.44,160.45,3,1.0,
11.475,818,squat,0.649,Bottom,80.57,160.54,3,1.0,
11.489,819,squat,0.651,Bottom,80.67,160.72,3,1.0,
11.502,820,squat,0.653,Bottom,80.75,160.89,3,1.0,
11.516,821,squat,0.655,Bottom,80.8,161.05,3,1.0,
11.529,822,squat,0.657,Bottom,80.8,161.17,3,1.0,
11.543,823,squat,0.661,Bottom,80.66,161.35,3,1.0,
11.557,824,squat,0.669,Bottom,80.39,161.51,3,1.0,
11.571,825,squat,0.674,Bottom,80.11,161.63,3,1.0,
11.584,826,squat,0.678,Bottom,79.88,161.72,3,1.0,
11.598,827,squat,0.68,Bottom,79.68,161.78,3,1.0,
11.612,828,squat,0.68,Bottom,79.51,161.83,3,1.0,
11.626,829,squat,0.681,Bottom,79.36,161.88,3,1.0,
11.64,830,squat,0.68,Bottom,79.24,161.92,3,1.0,
11.654,831,squat,0.681,Bottom,79.14,161.91,3,1.0,
11.668,832,squat,0.681,Bottom,79.06,161.89,3,1.0,
11.682,833,squat,0.682,Bottom,78.99,161.9,3,1.0,
11.696,834,squat,0.684,Bottom,78.9,161.93,3,1.0,
11.71,835,squat,0.686,Bottom,78.73,162.01,3,1.0,
11.724,836,squat,0.687,Bottom,78.57,162.11,3,1.0,
11.738,837,squat,0.687,Bottom,78.44,162.24,3,1.0,
11.751,838,squat,0.687,Bottom,78.32,162.41,3,1.0,
11.765,839,squat,0.686,Bottom,78.22,162.58,3,1.0,
11.779,840,squat,0.686,Bottom,78.13,162.73,3,1.0,
11.793,841,squat,0.686,Bottom,78.05,162.88,3,1.0,
11.807,842,squat,0.686,Bottom,77.97,163.02,3,1.0,
11.82,843,squat,0.686,Bottom,77.91,163.16,3,1.0,
11.834,844,squat,0.685,Bottom,77.83,163.27,3,1.0,
11.848,845,squat,0.684,Bottom,77.73,163.33,3,1.0,
11.862,846,squat,0.683,Bottom,77.57,163.37,3,1.0,
11.876,847,squat,0.681,Bottom,77.39,163.45,3,1.0,
11.89,848,squat,0.679,Bottom,77.23,163.51,3,1.0,
11.904,849,squat,0.678,Bottom,77.07,163.55,3,1.0,
11.917,850,squat,0.679,Bottom,76.91,163.58,3,1.0,
11.931,851,squat,0.679,Bottom,76.76,163.59,3,1.0,
11.945,852,squat,0.682,Bottom,76.61,163.53,3,1.0,
11.959,853,squat,0.685,Bottom,76.46,163.4,3,1.0,
11.972,854,squat,0.689,Bottom,76.3,163.26,3,1.0,
11.986,855,squat,0.695,Bottom,76.1,163.11,3,1.0,
12.0,856,squat,0.702,Bottom,75.89,162.91,3,1.0,
12.014,857,squat,0.706,Bottom,75.68,162.71,3,1.0,
12.028,858,squat,0.707,Bottom,75.49,162.42,3,1.0,
12.042,859,squat,0.707,Bottom,75.35,162.07,3,1.0,
12.056,860,squat,0.707,Bottom,75.26,161.62,3,1.0,
12.069,861,squat,0.708,Bottom,75.21,161.15,3,1.0,
12.081,862,squat,0.708,Bottom,75.2,160.67,3,1.0,
12.095,863,squat,0.708,Bottom,75.21,160.16,3,1.0,
12.109,864,squat,0.708,Bottom,75.25,159.7,3,1.0,
12.123,865,squat,0.708,Bottom,75.29,159.4,3,1.0,
12.137,866,squat,0.708,Bottom,75.33,159.19,3,1.0,
12.151,867,squat,0.708,Bottom,75.37,159.06,3,1.0,
12.165,868,squat,0.707,Bottom,75.37,158.96,3,1.0,
12.179,869,squat,0.705,Bottom,75.38,158.95,3,1.0,
12.193,870,squat,0.704,Bottom,75.39,159.02,3,1.0,
12.207,871,squat,0.704,Bottom,75.41,159.14,3,1.0,
12.221,872,squat,0.704,Bottom,75.43,159.3,3,1.0,
12.235,873,squat,0.705,Bottom,75.45,159.47,3,1.0,
12.249,874,squat,0.705,Bottom,75.5,159.63,3,1.0,
12.263,875,squat,0.705,Bottom,75.52,159.8,3,1.0,
12.277,876,squat,0.705,Bottom,75.54,159.95,3,1.0,
12.291,877,squat,0.704,Bottom,75.54,160.07,3,1.0,
12.305,878,squat,0.704,Bottom,75.5,160.17,3,1.0,
12.319,879,squat,0.705,Bottom,75.41,160.27,3,1.0,
12.333,880,squat,0.706,Bottom,75.29,160.4,3,1.0,
12.346,881,squat,0.706,Bottom,75.18,160.51,3,1.0,
12.36,882,squat,0.704,Bottom,75.04,160.62,3,1.0,
12.374,883,squat,0.702,Bottom,74.9,160.69,3,1.0,
12.387,884,squat,0.7,Bottom,74.75,160.73,3,1.0,
12.4,885,squat,0.696,Bottom,74.59,160.73,3,1.0,
12.413,886,squat,0.692,Bottom,74.38,160.75,3,1.0,
12.426,887,squat,0.689,Bottom,74.18,160.75,3,1.0,
12.44,888,squat,0.687,Bottom,74.01,160.77,3,1.0,
12.454,889,squat,0.685,Bottom,73.86,160.92,3,1.0,
12.468,890,squat,0.686,Bottom,73.74,161.04,3,1.0,
12.482,891,squat,0.686,Bottom,73.64,161.13,3,1.0,
12.496,892,squat,0.687,Bottom,73.55,161.19,3,1.0,
12.509,893,squat,0.688,Bottom,73.48,161.23,3,1.0,
12.523,894,squat,0.689,Bottom,73.41,161.22,3,1.0,
12.536,895,squat,0.688,Bottom,73.35,161.13,3,1.0,
12.551,896,squat,0.687,Bottom,73.29,161.02,3,1.0,
12.565,897,squat,0.685,Bottom,73.22,160.91,3,1.0,
12.579,898,squat,0.684,Bottom,73.17,160.82,3,1.0,
12.593,899,squat,0.682,Bottom,73.12,160.75,3,1.0,
12.607,900,squat,0.68,Bottom,73.05,160.7,3,1.0,
12.621,901,squat,0.679,Bottom,72.99,160.69,3,1.0,
12.635,902,squat,0.678,Bottom,72.94,160.71,3,1.0,
12.649,903,squat,0.677,Bottom,72.89,160.76,3,1.0,
12.662,904,squat,0.678,Bottom,72.9,160.82,3,1.0,
12.676,905,squat,0.679,Bottom,72.96,160.84,3,1.0,
12.69,906,squat,0.681,Bottom,73.02,160.84,3,1.0,
12.703,907,squat,0.683,Bottom,73.09,160.83,3,1.0,
12.717,908,squat,0.685,Bottom,73.15,160.78,3,1.0,
12.731,909,squat,0.687,Bottom,73.2,160.7,3,1.0,
12.745,910,squat,0.689,Bottom,73.23,160.6,3,1.0,
12.759,911,squat,0.69,Bottom,73.25,160.5,3,1.0,
12.773,912,squat,0.691,Bottom,73.27,160.43,3,1.0,
12.787,913,squat,0.692,Bottom,73.27,160.43,3,1.0,
12.801,914,squat,0.692,Bottom,73.27,160.47,3,1.0,
12.815,915,squat,0.693,Bottom,73.27,160.53,3,1.0,
12.829,916,squat,0.693,Bottom,73.26,160.58,3,1.0,
12.843,917,squat,0.692,Bottom,73.22,160.64,3,1.0,
12.856,918,squat,0.691,Bottom,73.22,160.58,3,1.0,
12.87,919,squat,0.691,Bottom,73.38,160.51,3,1.0,
12.884,920,squat,0.697,Bottom,73.84,160.33,3,1.0,
12.898,921,squat,0.696,Ascending,74.76,160.39,3,1.0,
12.912,922,squat,0.691,Ascending,75.76,160.25,3,1.0,
12.926,923,squat,0.681,Ascending,77.29,161.5,3,1.0,
12.939,924,squat,0.672,Ascending,79.41,158.08,3,1.0,
12.954,925,squat,0.672,Ascending,82.4,160.26,3,1.0,
12.968,926,squat,0.663,Ascending,84.97,159.5,3,1.0,
12.981,927,squat,0.664,Ascending,87.92,158.79,3,1.0,
12.995,928,squat,0.661,Ascending,91.24,158.28,3,1.0,
13.009,929,squat,0.657,Ascending,94.79,158.24,3,1.0,
13.023,930,squat,0.636,Ascending,98.42,158.67,3,1.0,
13.037,931,squat,0.597,Ascending,102.48,158.94,3,1.0,
13.051,932,squat,0.575,Ascending,105.89,158.98,3,1.0,
13.065,933,squat,0.569,Ascending,109.43,159.08,3,1.0,
13.079,934,squat,0.554,Ascending,112.78,158.8,3,1.0,
13.093,935,squat,0.539,Ascending,116.04,158.57,3,1.0,
13.107,936,squat,0.518,Ascending,119.41,158.32,3,1.0,
13.121,937,squat,0.507,Ascending,122.24,157.73,3,1.0,
13.135,938,squat,0.497,Ascending,125.23,158.26,3,1.0,
13.149,939,squat,0.476,Ascending,128.42,158.76,3,1.0,
13.163,940,squat,0.442,Ascending,131.87,158.41,3,1.0,
13.177,941,squat,0.416,Ascending,134.64,157.85,3,1.0,
13.191,942,squat,0.398,Ascending,137.5,157.11,3,1.0,
13.204,943,squat,0.366,Ascending,140.72,157.02,3,1.0,
13.218,944,squat,0.354,Ascending,144.16,156.66,3,1.0,
13.232,945,squat,0.354,Ascending,148.01,156.96,3,1.0,
13.246,946,squat,0.344,Ascending,152.27,157.29,3,1.0,
13.26,947,squat,0.339,Ascending,155.7,157.91,3,1.0,
13.274,948,squat,0.329,Ascending,159.25,158.39,3,1.0,
13.288,949,squat,0.315,Ascending,162.8,158.65,3,1.0,
13.302,950,squat,0.307,Ascending,166.21,159.55,3,1.0,
13.316,951,squat,0.312,Start,169.29,158.99,4,1.0,
13.33,952,squat,0.317,Start,171.8,159.31,4,1.0,
13.344,953,squat,0.317,Start,173.77,159.4,4,1.0,
13.358,954,squat,0.315,Start,174.97,159.67,4,1.0,
13.372,955,squat,0.314,Start,175.76,159.27,4,1.0,
13.386,956,pushup,0.315,Start,176.33,158.67,4,1.0,
13.4,957,pushup,0.327,Start,176.72,158.47,4,1.0,
13.413,958,pushup,0.336,Start,177.08,158.19,4,1.0,
13.427,959,pushup,0.343,Start,177.41,158.02,4,1.0,
13.441,960,pushup,0.348,Start,177.71,158.09,4,1.0,
13.455,961,pushup,0.35,Start,177.95,158.36,4,1.0,
13.469,962,pushup,0.35,Start,178.07,158.6,4,1.0,
13.482,963,pushup,0.35,Start,178.17,158.96,4,1.0,
13.496,964,pushup,0.349,Start,178.26,159.41,4,1.0,
